CITY,STATE
New Delhi,Delhi
Central Delhi,Delhi
South Delhi,Delhi
North Delhi,Delhi
East Delhi,Delhi
West Delhi,Delhi
Dwarka,Delhi
Rohini,Delhi
Badli,Delhi
Narela,Delhi
Okhla,Delhi
Shahdara,Delhi
Noida,Uttar Pradesh
Ghaziabad,Uttar Pradesh
Lucknow,Uttar Pradesh
Agra,Uttar Pradesh
Varanasi,Uttar Pradesh
Kanpur,Uttar Pradesh
Prayagraj,Uttar Pradesh
Meerut,Uttar Pradesh
Aligarh,Uttar Pradesh
Mathura,Uttar Pradesh
Bareilly,Uttar Pradesh
Moradabad,Uttar Pradesh
Saharanpur,Uttar Pradesh
Gorakhpur,Uttar Pradesh
Firozabad,Uttar Pradesh
Jhansi,Uttar Pradesh
Greater Noida,Uttar Pradesh
Hapur,Uttar Pradesh
Loni,Uttar Pradesh
Sahibabad,Uttar Pradesh
Bulandshahr,Uttar Pradesh
Gurgaon,Haryana
Faridabad,Haryana
Panipat,Haryana
Karnal,Haryana
Ambala,Haryana
Hisar,Haryana
Rohtak,Haryana
Sonipat,Haryana
Bahadurgarh,Haryana
Manesar,Haryana
Mumbai,Maharashtra
Pune,Maharashtra
Nagpur,Maharashtra
Thane,Maharashtra
Nashik,Maharashtra
Aurangabad,Maharashtra
Navi Mumbai,Maharashtra
Solapur,Maharashtra
Kolhapur,Maharashtra
Vasai,Maharashtra
Bhiwandi,Maharashtra
Bengaluru,Karnataka
Mysuru,Karnataka
Hubli,Karnataka
Mangalore,Karnataka
Belgaum,Karnataka
Davangere,Karnataka
Chennai,Tamil Nadu
Coimbatore,Tamil Nadu
Madurai,Tamil Nadu
Salem,Tamil Nadu
Tiruchirappalli,Tamil Nadu
Tiruppur,Tamil Nadu
Erode,Tamil Nadu
Vellore,Tamil Nadu
Jaipur,Rajasthan
Jodhpur,Rajasthan
Udaipur,Rajasthan
Kota,Rajasthan
Ajmer,Rajasthan
Bikaner,Rajasthan
Bhilwara,Rajasthan
Alwar,Rajasthan
Ahmedabad,Gujarat
Surat,Gujarat
Vadodara,Gujarat
Rajkot,Gujarat
Gandhinagar,Gujarat
Bhavnagar,Gujarat
Morbi,Gujarat
Ludhiana,Punjab
Amritsar,Punjab
Jalandhar,Punjab
Patiala,Punjab
Bathinda,Punjab
Mohali,Punjab
Bhopal,Madhya Pradesh
Indore,Madhya Pradesh
Gwalior,Madhya Pradesh
Jabalpur,Madhya Pradesh
Ujjain,Madhya Pradesh
Dewas,Madhya Pradesh
Kolkata,West Bengal
Howrah,West Bengal
Durgapur,West Bengal
Siliguri,West Bengal
Asansol,West Bengal
Patna,Bihar
Gaya,Bihar
Muzaffarpur,Bihar
Bhagalpur,Bihar
Hyderabad,Telangana
Secunderabad,Telangana
Warangal,Telangana
Karimnagar,Telangana
Kochi,Kerala
Thiruvananthapuram,Kerala
Kozhikode,Kerala
Thrissur,Kerala
Kannur,Kerala
Dehradun,Uttarakhand
Haridwar,Uttarakhand
Rishikesh,Uttarakhand
Haldwani,Uttarakhand
Roorkee,Uttarakhand
Bhubaneswar,Odisha
Cuttack,Odisha
Rourkela,Odisha
Guwahati,Assam
Dibrugarh,Assam
Silchar,Assam
Ranchi,Jharkhand
Jamshedpur,Jharkhand
Dhanbad,Jharkhand
Bokaro,Jharkhand
Raipur,Chhattisgarh
Bhilai,Chhattisgarh
Bilaspur,Chhattisgarh
Shimla,Himachal Pradesh
Manali,Himachal Pradesh
Dharamshala,Himachal Pradesh
Solan,Himachal Pradesh
Panaji,Goa
Margao,Goa
Vasco Da Gama,Goa
Chandigarh,Chandigarh
Visakhapatnam,Andhra Pradesh
Vijayawada,Andhra Pradesh
Tirupati,Andhra Pradesh
Guntur,Andhra Pradesh
Shillong,Meghalaya
Imphal,Manipur
Kohima,Nagaland
Agartala,Tripura
Gangtok,Sikkim
Aizawl,Mizoram
Itanagar,Arunachal Pradesh
Srinagar,Jammu and Kashmir
Jammu,Jammu and Kashmir
